mmsi,dfsi,max_gap_hours,largest_jump_nm,draft_change_count,map_lat,map_lon,anomaly_flags
636015357,671.4987,0.0,6714.987,0,54.481545,11.603168,"D(jumps=44,max=6715nm)"
256746000,429.6823,0.0,4296.823,0,54.2334,9.606617,"D(jumps=1,max=4297nm)"
261000840,380.0964,0.0,3800.964,0,18.93975,84.656627,"D(jumps=5,max=3801nm)"
246602000,352.0654,0.0,3520.654,0,-0.000353,-0.000205,"B(events=1) | D(jumps=17,max=3521nm)"
265511420,346.299,0.0,3462.99,0,0.0,11.766703,"B(events=8) | D(jumps=4,max=3463nm)"
